<?xml version="1.0" encoding="UTF-8"?>
<!DOCTYPE hibernate-mapping PUBLIC "-//Hibernate Mapping DTD 3.0//EN"
		"http://hibernate.sourceforge.net/hibernate-mapping-3.0.dtd">

  <hibernate-mapping>  
      <class name="com.ideas2it.employee.model.Employee" table="employee" >  
          <id name = "id"></id>
          <property name="name"></property>
          <property name="dateOfBirth"></property> 
          <property name="age"></property>
          <property name="gender"></property>
          <property name="qualification"></property>
          <property name="address"></property>
          <property name="mobileNumber"></property>
          <property name="emailId"></property>
          <property name="dateOfJoining"></property>

           
          <joined-subclass name = "com.ideas2it.employee.model.Trainer">
              <property name = "experience"></property>
              <property name = "noOfTrainees"></property>
          </joined-subclass>

          <joined-subclass name = "com.ideas2it.employee.model.Trainee">
              <property name = "trainingPeriod"></property>
          </joined-subclass>

      </class>  


  </hibernate-mapping>  
